"","X","position","Team","team_name","M.","W","D","L","goals","Dif.","Pt.","week","image_file"
"1",0,1,NA,"Arsenal FC",1,1,0,0,"3:0",3,3,1,"arsenal.png"
"2",1,2,NA,"Leicester City",1,1,0,0,"3:0",3,3,1,"leicester.png"
"3",2,3,NA,"Chelsea FC",1,1,0,0,"3:1",2,3,1,"chelsea.png"
"4",3,4,NA,"Manchester City",1,1,0,0,"2:0",2,3,1,"manchester_city.png"
"5",4,5,NA,"Newcastle United",1,1,0,0,"2:0",2,3,1,"newcastle.png"
"6",5,6,NA,"Wolverhampton Wanderers",1,1,0,0,"2:0",2,3,1,"wolverhampton.png"
"7",6,7,NA,"Liverpool FC",1,1,0,0,"4:3",1,3,1,"liverpool.png"
"8",7,8,NA,"Crystal Palace",1,1,0,0,"1:0",1,3,1,"crystal_palace.png"
"9",8,9,NA,"Everton FC",1,1,0,0,"1:0",1,3,1,"everton.png"
"10",9,10,NA,"Manchester United",1,1,0,0,"1:0",1,3,1,"manchester_united.png"
"11",10,11,NA,"Leeds United",1,0,0,1,"3:4",-1,0,1,"leeds.png"
"12",11,12,NA,"Burnley FC",1,0,0,1,"0:1",-1,0,1,"burnley.png"
"13",12,13,NA,"Southampton FC",1,0,0,1,"0:1",-1,0,1,"southampton.png"
"14",13,14,NA,"Tottenham Hotspur",1,0,0,1,"0:1",-1,0,1,"tottenham.png"
"15",14,15,NA,"Brighton & Hove Albion",1,0,0,1,"1:3",-2,0,1,"brighton.png"
"16",15,16,NA,"Aston Villa",1,0,0,1,"0:2",-2,0,1,"aston_villa.png"
"17",16,17,NA,"Sheffield United",1,0,0,1,"0:2",-2,0,1,"sheffield.png"
"18",17,18,NA,"West Ham United",1,0,0,1,"0:2",-2,0,1,"west_ham.png"
"19",18,19,NA,"Fulham FC",1,0,0,1,"0:3",-3,0,1,"fulham.png"
"20",19,20,NA,"West Bromwich Albion",1,0,0,1,"0:3",-3,0,1,"wolverhampton.png"
"21",20,1,NA,"Leicester City",2,2,0,0,"7:2",5,6,2,"leicester.png"
"22",21,2,NA,"Everton FC",2,2,0,0,"6:2",4,6,2,"everton.png"
"23",22,3,NA,"Arsenal FC",2,2,0,0,"5:1",4,6,2,"arsenal.png"
"24",23,4,NA,"Manchester City",2,2,0,0,"5:1",4,6,2,"manchester_city.png"
"25",24,5,NA,"Liverpool FC",2,2,0,0,"6:3",3,6,2,"liverpool.png"
"26",25,6,NA,"Crystal Palace",2,2,0,0,"4:1",3,6,2,"crystal_palace.png"
"27",26,7,NA,"Tottenham Hotspur",2,1,0,1,"5:3",2,3,2,"tottenham.png"
"28",27,8,NA,"Brighton & Hove Albion",2,1,0,1,"4:3",1,3,2,"brighton.png"
"29",28,9,NA,"Leeds United",2,1,0,1,"7:7",0,3,2,"leeds.png"
"30",29,10,NA,"Chelsea FC",2,1,0,1,"3:3",0,3,2,"chelsea.png"
"31",30,11,NA,"Wolverhampton Wanderers",2,1,0,1,"3:3",0,3,2,"wolverhampton.png"
"32",31,12,NA,"Manchester United",2,1,0,1,"2:3",-1,3,2,"manchester_united.png"
"33",32,13,NA,"Newcastle United",2,1,0,1,"2:3",-1,3,2,"newcastle.png"
"34",33,14,NA,"Aston Villa",2,1,0,1,"1:2",-1,3,2,"aston_villa.png"
"35",34,15,NA,"Burnley FC",2,0,0,2,"2:5",-3,0,2,"burnley.png"
"36",35,16,NA,"West Ham United",2,0,0,2,"1:4",-3,0,2,"west_ham.png"
"37",36,17,NA,"Sheffield United",2,0,0,2,"0:3",-3,0,2,"sheffield.png"
"38",37,18,NA,"Fulham FC",2,0,0,2,"3:7",-4,0,2,"fulham.png"
"39",38,19,NA,"Southampton FC",2,0,0,2,"2:6",-4,0,2,"southampton.png"
"40",39,20,NA,"West Bromwich Albion",2,0,0,2,"2:8",-6,0,2,"wolverhampton.png"
"41",40,1,NA,"Leicester City",3,3,0,0,"12:4",8,9,3,"leicester.png"
"42",41,2,NA,"Liverpool FC",3,3,0,0,"9:4",5,9,3,"liverpool.png"
"43",42,3,NA,"Everton FC",3,3,0,0,"8:3",5,9,3,"everton.png"
"44",43,4,NA,"Arsenal FC",3,2,0,1,"6:4",2,6,3,"arsenal.png"
"45",44,5,NA,"Crystal Palace",3,2,0,1,"5:3",2,6,3,"crystal_palace.png"
"46",45,6,NA,"Aston Villa",3,2,0,1,"4:2",2,6,3,"aston_villa.png"
"47",46,7,NA,"Leeds United",3,2,0,1,"8:7",1,6,3,"leeds.png"
"48",47,8,NA,"Manchester City",3,2,0,1,"7:6",1,6,3,"manchester_city.png"
"49",48,9,NA,"Manchester United",3,2,0,1,"5:5",0,6,3,"manchester_united.png"
"50",49,10,NA,"Tottenham Hotspur",3,1,1,1,"6:4",2,4,3,"tottenham.png"
"51",50,11,NA,"Chelsea FC",3,1,1,1,"6:6",0,4,3,"chelsea.png"
"52",51,12,NA,"Newcastle United",3,1,1,1,"3:4",-1,4,3,"newcastle.png"
"53",52,13,NA,"West Ham United",3,1,0,2,"5:4",1,3,3,"west_ham.png"
"54",53,14,NA,"Brighton & Hove Albion",3,1,0,2,"6:6",0,3,3,"brighton.png"
"55",54,15,NA,"Southampton FC",3,1,0,2,"3:6",-3,3,3,"southampton.png"
"56",55,16,NA,"Wolverhampton Wanderers",3,1,0,2,"3:7",-4,3,3,"wolverhampton.png"
"57",56,17,NA,"West Bromwich Albion",3,0,1,2,"5:11",-6,1,3,"wolverhampton.png"
"58",57,18,NA,"Burnley FC",3,0,0,3,"2:6",-4,0,3,"burnley.png"
"59",58,19,NA,"Sheffield United",3,0,0,3,"0:4",-4,0,3,"sheffield.png"
"60",59,20,NA,"Fulham FC",3,0,0,3,"3:10",-7,0,3,"fulham.png"
"61",60,1,NA,"Everton FC",4,4,0,0,"12:5",7,12,4,"everton.png"
"62",61,2,NA,"Aston Villa",4,3,0,1,"11:4",7,9,4,"aston_villa.png"
"63",62,3,NA,"Leicester City",4,3,0,1,"12:7",5,9,4,"leicester.png"
"64",63,4,NA,"Arsenal FC",4,3,0,1,"8:5",3,9,4,"arsenal.png"
"65",64,5,NA,"Liverpool FC",4,3,0,1,"11:11",0,9,4,"liverpool.png"
"66",65,6,NA,"Tottenham Hotspur",4,2,1,1,"12:5",7,7,4,"tottenham.png"
"67",66,7,NA,"Chelsea FC",4,2,1,1,"10:6",4,7,4,"chelsea.png"
"68",67,8,NA,"Leeds United",4,2,1,1,"9:8",1,7,4,"leeds.png"
"69",68,9,NA,"Manchester City",4,2,1,1,"8:7",1,7,4,"manchester_city.png"
"70",69,10,NA,"Newcastle United",4,2,1,1,"6:5",1,7,4,"newcastle.png"
"71",70,11,NA,"West Ham United",4,2,0,2,"8:4",4,6,4,"west_ham.png"
"72",71,12,NA,"Southampton FC",4,2,0,2,"5:6",-1,6,4,"southampton.png"
"73",72,13,NA,"Crystal Palace",4,2,0,2,"5:7",-2,6,4,"crystal_palace.png"
"74",73,14,NA,"Wolverhampton Wanderers",4,2,0,2,"4:7",-3,6,4,"wolverhampton.png"
"75",74,15,NA,"Manchester United",4,2,0,2,"6:11",-5,6,4,"manchester_united.png"
"76",75,16,NA,"Brighton & Hove Albion",4,1,0,3,"8:10",-2,3,4,"brighton.png"
"77",76,17,NA,"West Bromwich Albion",4,0,1,3,"5:13",-8,1,4,"wolverhampton.png"
"78",77,18,NA,"Sheffield United",4,0,0,4,"1:6",-5,0,4,"sheffield.png"
"79",78,19,NA,"Burnley FC",4,0,0,4,"3:9",-6,0,4,"burnley.png"
"80",79,20,NA,"Fulham FC",4,0,0,4,"3:11",-8,0,4,"fulham.png"
"81",80,1,NA,"Everton FC",5,4,1,0,"14:7",7,13,5,"everton.png"
"82",81,2,NA,"Aston Villa",5,4,0,1,"12:4",8,12,5,"aston_villa.png"
"83",82,3,NA,"Manchester City",5,3,1,1,"9:7",2,10,5,"manchester_city.png"
"84",83,4,NA,"Liverpool FC",5,3,1,1,"13:13",0,10,5,"liverpool.png"
"85",84,5,NA,"Leicester City",5,3,0,2,"12:8",4,9,5,"leicester.png"
"86",85,6,NA,"Arsenal FC",5,3,0,2,"8:6",2,9,5,"arsenal.png"
"87",86,7,NA,"Manchester United",5,3,0,2,"10:12",-2,9,5,"manchester_united.png"
"88",87,8,NA,"Wolverhampton Wanderers",5,3,0,2,"5:7",-2,9,5,"wolverhampton.png"
"89",88,9,NA,"Tottenham Hotspur",5,2,2,1,"15:8",7,8,5,"tottenham.png"
"90",89,10,NA,"Chelsea FC",5,2,2,1,"13:9",4,8,5,"chelsea.png"
"91",90,11,NA,"West Ham United",5,2,1,2,"11:7",4,7,5,"west_ham.png"
"92",91,12,NA,"Leeds United",5,2,1,2,"9:9",0,7,5,"leeds.png"
"93",92,13,NA,"Southampton FC",5,2,1,2,"8:9",-1,7,5,"southampton.png"
"94",93,14,NA,"Newcastle United",5,2,1,2,"7:9",-2,7,5,"newcastle.png"
"95",94,15,NA,"Crystal Palace",5,2,1,2,"6:8",-2,7,5,"crystal_palace.png"
"96",95,16,NA,"Brighton & Hove Albion",5,1,1,3,"9:11",-2,4,5,"brighton.png"
"97",96,17,NA,"West Bromwich Albion",5,0,2,3,"5:13",-8,2,5,"wolverhampton.png"
"98",97,18,NA,"Sheffield United",5,0,1,4,"2:7",-5,1,5,"sheffield.png"
"99",98,19,NA,"Burnley FC",5,0,1,4,"3:9",-6,1,5,"burnley.png"
"100",99,20,NA,"Fulham FC",5,0,1,4,"4:12",-8,1,5,"fulham.png"
"101",100,1,NA,"Everton FC",6,4,1,1,"14:9",5,13,6,"everton.png"
"102",101,2,NA,"Liverpool FC",6,4,1,1,"15:14",1,13,6,"liverpool.png"
"103",102,3,NA,"Leicester City",6,4,0,2,"13:8",5,12,6,"leicester.png"
"104",103,4,NA,"Aston Villa",6,4,0,2,"12:7",5,12,6,"aston_villa.png"
"105",104,5,NA,"Tottenham Hotspur",6,3,2,1,"16:8",8,11,6,"tottenham.png"
"106",105,6,NA,"Manchester City",6,3,2,1,"10:8",2,11,6,"manchester_city.png"
"107",106,7,NA,"Leeds United",6,3,1,2,"12:9",3,10,6,"leeds.png"
"108",107,8,NA,"Southampton FC",6,3,1,2,"10:9",1,10,6,"southampton.png"
"109",108,9,NA,"Crystal Palace",6,3,1,2,"8:9",-1,10,6,"crystal_palace.png"
"110",109,10,NA,"Manchester United",6,3,1,2,"10:12",-2,10,6,"manchester_united.png"
"111",110,11,NA,"Wolverhampton Wanderers",6,3,1,2,"6:8",-2,10,6,"wolverhampton.png"
"112",111,12,NA,"Chelsea FC",6,2,3,1,"13:9",4,9,6,"chelsea.png"
"113",112,13,NA,"Arsenal FC",6,3,0,3,"8:7",1,9,6,"arsenal.png"
"114",113,14,NA,"West Ham United",6,2,2,2,"12:8",4,8,6,"west_ham.png"
"115",114,15,NA,"Newcastle United",6,2,2,2,"8:10",-2,8,6,"newcastle.png"
"116",115,16,NA,"Brighton & Hove Albion",6,1,2,3,"10:12",-2,5,6,"brighton.png"
"117",116,17,NA,"West Bromwich Albion",6,0,3,3,"6:14",-8,3,6,"wolverhampton.png"
"118",117,18,NA,"Sheffield United",6,0,1,5,"3:9",-6,1,6,"sheffield.png"
"119",118,19,NA,"Burnley FC",6,0,1,5,"3:10",-7,1,6,"burnley.png"
"120",119,20,NA,"Fulham FC",6,0,1,5,"5:14",-9,1,6,"fulham.png"
"121",120,1,NA,"Liverpool FC",7,5,1,1,"17:15",2,16,7,"liverpool.png"
"122",121,2,NA,"Leicester City",7,5,0,2,"17:9",8,15,7,"leicester.png"
"123",122,3,NA,"Tottenham Hotspur",7,4,2,1,"18:9",9,14,7,"tottenham.png"
"124",123,4,NA,"Manchester City",7,4,2,1,"11:8",3,14,7,"manchester_city.png"
"125",124,5,NA,"Everton FC",7,4,1,2,"15:11",4,13,7,"everton.png"
"126",125,6,NA,"Southampton FC",7,4,1,2,"14:12",2,13,7,"southampton.png"
"127",126,7,NA,"Wolverhampton Wanderers",7,4,1,2,"8:8",0,13,7,"wolverhampton.png"
"128",127,8,NA,"Chelsea FC",7,3,3,1,"16:9",7,12,7,"chelsea.png"
"129",128,9,NA,"Aston Villa",7,4,0,3,"15:11",4,12,7,"aston_villa.png"
"130",129,10,NA,"Arsenal FC",7,4,0,3,"9:7",2,12,7,"arsenal.png"
"131",130,11,NA,"Newcastle United",7,3,2,2,"10:11",-1,11,7,"newcastle.png"
"132",131,12,NA,"Leeds United",7,3,1,3,"13:13",0,10,7,"leeds.png"
"133",132,13,NA,"Manchester United",7,3,1,3,"10:13",-3,10,7,"manchester_united.png"
"134",133,14,NA,"Crystal Palace",7,3,1,3,"8:11",-3,10,7,"crystal_palace.png"
"135",134,15,NA,"West Ham United",7,2,2,3,"13:10",3,8,7,"west_ham.png"
"136",135,16,NA,"Brighton & Hove Albion",7,1,2,4,"11:14",-3,5,7,"brighton.png"
"137",136,17,NA,"Fulham FC",7,1,1,5,"7:14",-7,4,7,"fulham.png"
"138",137,18,NA,"West Bromwich Albion",7,0,3,4,"6:16",-10,3,7,"wolverhampton.png"
"139",138,19,NA,"Sheffield United",7,0,1,6,"3:10",-7,1,7,"sheffield.png"
"140",139,20,NA,"Burnley FC",7,0,1,6,"3:13",-10,1,7,"burnley.png"
"141",140,1,NA,"Leicester City",8,6,0,2,"18:9",9,18,8,"leicester.png"
"142",141,2,NA,"Tottenham Hotspur",8,5,2,1,"19:9",10,17,8,"tottenham.png"
"143",142,3,NA,"Liverpool FC",8,5,2,1,"18:16",2,17,8,"liverpool.png"
"144",143,4,NA,"Southampton FC",8,5,1,2,"16:12",4,16,8,"southampton.png"
"145",144,5,NA,"Chelsea FC",8,4,3,1,"20:10",10,15,8,"chelsea.png"
"146",145,6,NA,"Aston Villa",8,5,0,3,"18:11",7,15,8,"aston_villa.png"
"147",146,7,NA,"Manchester City",8,4,3,1,"12:9",3,15,8,"manchester_city.png"
"148",147,8,NA,"Everton FC",8,4,1,3,"16:14",2,13,8,"everton.png"
"149",148,9,NA,"Crystal Palace",8,4,1,3,"12:12",0,13,8,"crystal_palace.png"
"150",149,10,NA,"Manchester United",8,4,1,3,"13:14",-1,13,8,"manchester_united.png"
"151",150,11,NA,"Wolverhampton Wanderers",8,4,1,3,"8:9",-1,13,8,"wolverhampton.png"
"152",151,12,NA,"Arsenal FC",8,4,0,4,"9:10",-1,12,8,"arsenal.png"
"153",152,13,NA,"West Ham United",8,3,2,3,"14:10",4,11,8,"west_ham.png"
"154",153,14,NA,"Newcastle United",8,3,2,3,"10:13",-3,11,8,"newcastle.png"
"155",154,15,NA,"Leeds United",8,3,1,4,"14:17",-3,10,8,"leeds.png"
"156",155,16,NA,"Brighton & Hove Albion",8,1,3,4,"11:14",-3,6,8,"brighton.png"
"157",156,17,NA,"Fulham FC",8,1,1,6,"7:15",-8,4,8,"fulham.png"
"158",157,18,NA,"West Bromwich Albion",8,0,3,5,"6:17",-11,3,8,"wolverhampton.png"
"159",158,19,NA,"Burnley FC",8,0,2,6,"3:13",-10,2,8,"burnley.png"
"160",159,20,NA,"Sheffield United",8,0,1,7,"4:14",-10,1,8,"sheffield.png"
"161",160,1,NA,"Tottenham Hotspur",9,6,2,1,"21:9",12,20,9,"tottenham.png"
"162",161,2,NA,"Liverpool FC",9,6,2,1,"21:16",5,20,9,"liverpool.png"
"163",162,3,NA,"Chelsea FC",9,5,3,1,"22:10",12,18,9,"chelsea.png"
"164",163,4,NA,"Leicester City",9,6,0,3,"18:12",6,18,9,"leicester.png"
"165",164,5,NA,"Southampton FC",9,5,2,2,"17:13",4,17,9,"southampton.png"
"166",165,6,NA,"Everton FC",9,5,1,3,"19:16",3,16,9,"everton.png"
"167",166,7,NA,"Manchester United",9,5,1,3,"14:14",0,16,9,"manchester_united.png"
"168",167,8,NA,"Aston Villa",9,5,0,4,"19:13",6,15,9,"aston_villa.png"
"169",168,9,NA,"Manchester City",9,4,3,2,"12:11",1,15,9,"manchester_city.png"
"170",169,10,NA,"West Ham United",9,4,2,3,"15:10",5,14,9,"west_ham.png"
"171",170,11,NA,"Wolverhampton Wanderers",9,4,2,3,"9:10",-1,14,9,"wolverhampton.png"
"172",171,12,NA,"Crystal Palace",9,4,1,4,"12:13",-1,13,9,"crystal_palace.png"
"173",172,13,NA,"Arsenal FC",9,4,1,4,"9:10",-1,13,9,"arsenal.png"
"174",173,14,NA,"Leeds United",9,3,2,4,"14:17",-3,11,9,"leeds.png"
"175",174,15,NA,"Newcastle United",9,3,2,4,"10:15",-5,11,9,"newcastle.png"
"176",175,16,NA,"Brighton & Hove Albion",9,2,3,4,"13:15",-2,9,9,"brighton.png"
"177",176,17,NA,"Burnley FC",9,1,2,6,"4:13",-9,5,9,"burnley.png"
"178",177,18,NA,"Fulham FC",9,1,1,7,"9:18",-9,4,9,"fulham.png"
"179",178,19,NA,"West Bromwich Albion",9,0,3,6,"6:18",-12,3,9,"wolverhampton.png"
"180",179,20,NA,"Sheffield United",9,0,1,8,"4:15",-11,1,9,"sheffield.png"
"181",180,1,NA,"Tottenham Hotspur",10,6,3,1,"21:9",12,21,10,"tottenham.png"
"182",181,2,NA,"Liverpool FC",10,6,3,1,"22:17",5,21,10,"liverpool.png"
"183",182,3,NA,"Chelsea FC",10,5,4,1,"22:10",12,19,10,"chelsea.png"
"184",183,4,NA,"Manchester United",10,6,1,3,"17:16",1,19,10,"manchester_united.png"
"185",184,5,NA,"Manchester City",10,5,3,2,"17:11",6,18,10,"manchester_city.png"
"186",185,6,NA,"Leicester City",10,6,0,4,"19:14",5,18,10,"leicester.png"
"187",186,7,NA,"West Ham United",10,5,2,3,"17:11",6,17,10,"west_ham.png"
"188",187,8,NA,"Southampton FC",10,5,2,3,"19:16",3,17,10,"southampton.png"
"189",188,9,NA,"Wolverhampton Wanderers",10,5,2,3,"11:11",0,17,10,"wolverhampton.png"
"190",189,10,NA,"Everton FC",10,5,1,4,"19:17",2,16,10,"everton.png"
"191",190,11,NA,"Aston Villa",10,5,0,5,"20:15",5,15,10,"aston_villa.png"
"192",191,12,NA,"Leeds United",10,4,2,4,"15:17",-2,14,10,"leeds.png"
"193",192,13,NA,"Newcastle United",10,4,2,4,"12:15",-3,14,10,"newcastle.png"
"194",193,14,NA,"Arsenal FC",10,4,1,5,"10:12",-2,13,10,"arsenal.png"
"195",194,15,NA,"Crystal Palace",10,4,1,5,"12:15",-3,13,10,"crystal_palace.png"
"196",195,16,NA,"Brighton & Hove Albion",10,2,4,4,"14:16",-2,10,10,"brighton.png"
"197",196,17,NA,"Fulham FC",10,2,1,7,"11:19",-8,7,10,"fulham.png"
"198",197,18,NA,"West Bromwich Albion",10,1,3,6,"7:18",-11,6,10,"wolverhampton.png"
"199",198,19,NA,"Burnley FC",10,1,2,7,"4:18",-14,5,10,"burnley.png"
"200",199,20,NA,"Sheffield United",10,0,1,9,"4:16",-12,1,10,"sheffield.png"
"201",200,1,NA,"Tottenham Hotspur",11,7,3,1,"23:9",14,24,11,"tottenham.png"
"202",201,2,NA,"Liverpool FC",11,7,3,1,"26:17",9,24,11,"liverpool.png"
"203",202,3,NA,"Chelsea FC",11,6,4,1,"25:11",14,22,11,"chelsea.png"
"204",203,4,NA,"Manchester United",11,7,1,3,"20:17",3,22,11,"manchester_united.png"
"205",204,5,NA,"Manchester City",11,6,3,2,"19:11",8,21,11,"manchester_city.png"
"206",205,6,NA,"Leicester City",11,7,0,4,"21:15",6,21,11,"leicester.png"
"207",206,7,NA,"Southampton FC",11,6,2,3,"21:17",4,20,11,"southampton.png"
"208",207,8,NA,"Aston Villa",11,6,0,5,"22:15",7,18,11,"aston_villa.png"
"209",208,9,NA,"West Ham United",11,5,2,4,"18:14",4,17,11,"west_ham.png"
"210",209,10,NA,"Everton FC",11,5,2,4,"20:18",2,17,11,"everton.png"
"211",210,11,NA,"Wolverhampton Wanderers",11,5,2,4,"11:15",-4,17,11,"wolverhampton.png"
"212",211,12,NA,"Crystal Palace",11,5,1,5,"17:16",1,16,11,"crystal_palace.png"
"213",212,13,NA,"Leeds United",11,4,2,5,"16:20",-4,14,11,"leeds.png"
"214",213,14,NA,"Newcastle United",11,4,2,5,"12:17",-5,14,11,"newcastle.png"
"215",214,15,NA,"Arsenal FC",11,4,1,6,"10:14",-4,13,11,"arsenal.png"
"216",215,16,NA,"Brighton & Hove Albion",11,2,4,5,"15:18",-3,10,11,"brighton.png"
"217",216,17,NA,"Fulham FC",11,2,1,8,"11:21",-10,7,11,"fulham.png"
"218",217,18,NA,"Burnley FC",11,1,3,7,"5:19",-14,6,11,"burnley.png"
"219",218,19,NA,"West Bromwich Albion",11,1,3,7,"8:23",-15,6,11,"wolverhampton.png"
"220",219,20,NA,"Sheffield United",11,0,1,10,"5:18",-13,1,11,"sheffield.png"
"221",220,1,NA,"Tottenham Hotspur",12,7,4,1,"24:10",14,25,12,"tottenham.png"
"222",221,2,NA,"Liverpool FC",12,7,4,1,"27:18",9,25,12,"liverpool.png"
"223",222,3,NA,"Leicester City",12,8,0,4,"24:15",9,24,12,"leicester.png"
"224",223,4,NA,"Southampton FC",12,7,2,3,"24:17",7,23,12,"southampton.png"
"225",224,5,NA,"Manchester United",12,7,2,3,"20:17",3,23,12,"manchester_united.png"
"226",225,6,NA,"Chelsea FC",12,6,4,2,"25:12",13,22,12,"chelsea.png"
"227",226,7,NA,"Manchester City",12,6,4,2,"19:11",8,22,12,"manchester_city.png"
"228",227,8,NA,"Aston Villa",12,7,0,5,"23:15",8,21,12,"aston_villa.png"
"229",228,9,NA,"West Ham United",12,6,2,4,"20:15",5,20,12,"west_ham.png"
"230",229,10,NA,"Everton FC",12,6,2,4,"21:18",3,20,12,"everton.png"
"231",230,11,NA,"Crystal Palace",12,5,2,5,"18:17",1,17,12,"crystal_palace.png"
"232",231,12,NA,"Newcastle United",12,5,2,5,"14:18",-4,17,12,"newcastle.png"
"233",232,13,NA,"Wolverhampton Wanderers",12,5,2,5,"11:16",-5,17,12,"wolverhampton.png"
"234",233,14,NA,"Leeds United",12,4,2,6,"17:22",-5,14,12,"leeds.png"
"235",234,15,NA,"Arsenal FC",12,4,1,7,"10:15",-5,13,12,"arsenal.png"
"236",235,16,NA,"Brighton & Hove Albion",12,2,4,6,"15:21",-6,10,12,"brighton.png"
"237",236,17,NA,"Burnley FC",12,2,3,7,"6:19",-13,9,12,"burnley.png"
"238",237,18,NA,"Fulham FC",12,2,2,8,"12:22",-10,8,12,"fulham.png"
"239",238,19,NA,"West Bromwich Albion",12,1,3,8,"9:25",-16,6,12,"wolverhampton.png"
"240",239,20,NA,"Sheffield United",12,0,1,11,"5:21",-16,1,12,"sheffield.png"
"241",240,1,NA,"Liverpool FC",13,8,4,1,"29:19",10,28,13,"liverpool.png"
"242",241,2,NA,"Manchester United",13,8,2,3,"23:19",4,26,13,"manchester_united.png"
"243",242,3,NA,"Tottenham Hotspur",13,7,4,2,"25:12",13,25,13,"tottenham.png"
"244",243,4,NA,"Southampton FC",13,7,3,3,"25:18",7,24,13,"southampton.png"
"245",244,5,NA,"Leicester City",13,8,0,5,"24:17",7,24,13,"leicester.png"
"246",245,6,NA,"Manchester City",13,6,5,2,"20:12",8,23,13,"manchester_city.png"
"247",246,7,NA,"Everton FC",13,7,2,4,"23:18",5,23,13,"everton.png"
"248",247,8,NA,"Chelsea FC",13,6,4,3,"26:14",12,22,13,"chelsea.png"
"249",248,9,NA,"Aston Villa",13,7,1,5,"23:15",8,22,13,"aston_villa.png"
"250",249,10,NA,"West Ham United",13,6,3,4,"21:16",5,21,13,"west_ham.png"
"251",250,11,NA,"Wolverhampton Wanderers",13,6,2,5,"13:17",-4,20,13,"wolverhampton.png"
"252",251,12,NA,"Crystal Palace",13,5,3,5,"19:18",1,18,13,"crystal_palace.png"
"253",252,13,NA,"Leeds United",13,5,2,6,"22:24",-2,17,13,"leeds.png"
"254",253,14,NA,"Newcastle United",13,5,2,6,"16:23",-7,17,13,"newcastle.png"
"255",254,15,NA,"Arsenal FC",13,4,2,7,"11:16",-5,14,13,"arsenal.png"
"256",255,16,NA,"Brighton & Hove Albion",13,2,5,6,"15:21",-6,11,13,"brighton.png"
"257",256,17,NA,"Burnley FC",13,2,4,7,"6:19",-13,10,13,"burnley.png"
"258",257,18,NA,"Fulham FC",13,2,3,8,"12:22",-10,9,13,"fulham.png"
"259",258,19,NA,"West Bromwich Albion",13,1,4,8,"10:26",-16,7,13,"wolverhampton.png"
"260",259,20,NA,"Sheffield United",13,0,1,12,"7:24",-17,1,13,"sheffield.png"
"261",260,1,NA,"Liverpool FC",14,9,4,1,"36:19",17,31,14,"liverpool.png"
"262",261,2,NA,"Manchester United",14,9,2,3,"29:21",8,29,14,"manchester_united.png"
"263",262,3,NA,"Leicester City",14,9,0,5,"26:17",9,27,14,"leicester.png"
"264",263,4,NA,"Manchester City",14,7,5,2,"21:12",9,26,14,"manchester_city.png"
"265",264,5,NA,"Everton FC",14,8,2,4,"25:19",6,26,14,"everton.png"
"266",265,6,NA,"Chelsea FC",14,7,4,3,"29:14",15,25,14,"chelsea.png"
"267",266,7,NA,"Aston Villa",14,8,1,5,"26:15",11,25,14,"aston_villa.png"
"268",267,8,NA,"Tottenham Hotspur",14,7,4,3,"25:14",11,25,14,"tottenham.png"
"269",268,9,NA,"Southampton FC",14,7,3,4,"25:19",6,24,14,"southampton.png"
"270",269,10,NA,"West Ham United",14,6,3,5,"21:19",2,21,14,"west_ham.png"
"271",270,11,NA,"Wolverhampton Wanderers",14,6,2,6,"14:19",-5,20,14,"wolverhampton.png"
"272",271,12,NA,"Crystal Palace",14,5,3,6,"19:25",-6,18,14,"crystal_palace.png"
"273",272,13,NA,"Newcastle United",14,5,3,6,"17:24",-7,18,14,"newcastle.png"
"274",273,14,NA,"Leeds United",14,5,2,7,"24:30",-6,17,14,"leeds.png"
"275",274,15,NA,"Arsenal FC",14,4,2,8,"12:18",-6,14,14,"arsenal.png"
"276",275,16,NA,"Burnley FC",14,3,4,7,"8:20",-12,13,14,"burnley.png"
"277",276,17,NA,"Brighton & Hove Albion",14,2,6,6,"16:22",-6,12,14,"brighton.png"
"278",277,18,NA,"Fulham FC",14,2,4,8,"13:23",-10,10,14,"fulham.png"
"279",278,19,NA,"West Bromwich Albion",14,1,4,9,"10:29",-19,7,14,"wolverhampton.png"
"280",279,20,NA,"Sheffield United",14,0,2,12,"8:25",-17,2,14,"sheffield.png"
"281",280,1,NA,"Liverpool FC",15,9,5,1,"37:20",17,32,15,"liverpool.png"
"282",281,2,NA,"Manchester United",15,9,3,3,"31:23",8,30,15,"manchester_united.png"
"283",282,3,NA,"Manchester City",15,8,5,2,"23:12",11,29,15,"manchester_city.png"
"284",283,4,NA,"Everton FC",15,9,2,4,"26:19",7,29,15,"everton.png"
"285",284,5,NA,"Aston Villa",15,9,1,5,"29:15",14,28,15,"aston_villa.png"
"286",285,6,NA,"Leicester City",15,9,1,5,"28:19",9,28,15,"leicester.png"
"287",286,7,NA,"Tottenham Hotspur",15,7,5,3,"26:15",11,26,15,"tottenham.png"
"288",287,8,NA,"Chelsea FC",15,7,4,4,"30:17",13,25,15,"chelsea.png"
"289",288,9,NA,"Southampton FC",15,7,4,4,"25:19",6,25,15,"southampton.png"
"290",289,10,NA,"West Ham United",15,6,4,5,"23:21",2,22,15,"west_ham.png"
"291",290,11,NA,"Wolverhampton Wanderers",15,6,3,6,"15:20",-5,21,15,"wolverhampton.png"
"292",291,12,NA,"Leeds United",15,6,2,7,"25:30",-5,20,15,"leeds.png"
"293",292,13,NA,"Crystal Palace",15,5,3,7,"19:28",-9,18,15,"crystal_palace.png"
"294",293,14,NA,"Newcastle United",15,5,3,7,"17:26",-9,18,15,"newcastle.png"
"295",294,15,NA,"Arsenal FC",15,5,2,8,"15:19",-4,17,15,"arsenal.png"
"296",295,16,NA,"Brighton & Hove Albion",15,2,7,6,"18:24",-6,13,15,"brighton.png"
"297",296,17,NA,"Burnley FC",15,3,4,8,"8:21",-13,13,15,"burnley.png"
"298",297,18,NA,"Fulham FC",15,2,5,8,"13:23",-10,11,15,"fulham.png"
"299",298,19,NA,"West Bromwich Albion",15,1,5,9,"11:30",-19,8,15,"wolverhampton.png"
"300",299,20,NA,"Sheffield United",15,0,2,13,"8:26",-18,2,15,"sheffield.png"
"301",300,1,NA,"Liverpool FC",16,9,6,1,"37:20",17,33,16,"liverpool.png"
"302",301,2,NA,"Manchester United",16,10,3,3,"32:23",9,33,16,"manchester_united.png"
"303",302,3,NA,"Manchester City",16,9,5,2,"26:13",13,32,16,"manchester_city.png"
"304",303,4,NA,"Aston Villa",16,9,2,5,"30:16",14,29,16,"aston_villa.png"
"305",304,5,NA,"Leicester City",16,9,2,5,"29:20",9,29,16,"leicester.png"
"306",305,6,NA,"Everton FC",16,9,2,5,"27:22",5,29,16,"everton.png"
"307",306,7,NA,"Tottenham Hotspur",16,7,6,3,"27:16",11,27,16,"tottenham.png"
"308",307,8,NA,"Chelsea FC",16,7,5,4,"31:18",13,26,16,"chelsea.png"
"309",308,9,NA,"Southampton FC",16,7,5,4,"25:19",6,26,16,"southampton.png"
"310",309,10,NA,"West Ham United",16,6,5,5,"23:21",2,23,16,"west_ham.png"
"311",310,11,NA,"Leeds United",16,7,2,7,"30:30",0,23,16,"leeds.png"
"312",311,12,NA,"Wolverhampton Wanderers",16,6,3,7,"15:21",-6,21,16,"wolverhampton.png"
"313",312,13,NA,"Arsenal FC",16,6,2,8,"16:19",-3,20,16,"arsenal.png"
"314",313,14,NA,"Crystal Palace",16,5,4,7,"20:29",-9,19,16,"crystal_palace.png"
"315",314,15,NA,"Newcastle United",16,5,4,7,"17:26",-9,19,16,"newcastle.png"
"316",315,16,NA,"Burnley FC",16,4,4,8,"9:21",-12,16,16,"burnley.png"
"317",316,17,NA,"Brighton & Hove Albion",16,2,7,7,"18:25",-7,13,16,"brighton.png"
"318",317,18,NA,"Fulham FC",16,2,6,8,"14:24",-10,12,16,"fulham.png"
"319",318,19,NA,"West Bromwich Albion",16,1,5,10,"11:35",-24,8,16,"wolverhampton.png"
"320",319,20,NA,"Sheffield United",16,0,2,14,"8:27",-19,2,16,"sheffield.png"
"321",320,1,NA,"Manchester United",17,11,3,3,"34:24",10,36,17,"manchester_united.png"
"322",321,2,NA,"Manchester City",17,10,5,2,"29:14",15,35,17,"manchester_city.png"
"323",322,3,NA,"Liverpool FC",17,9,6,2,"37:21",16,33,17,"liverpool.png"
"324",323,4,NA,"Leicester City",17,10,2,5,"31:21",10,32,17,"leicester.png"
"325",324,5,NA,"Tottenham Hotspur",17,8,6,3,"30:16",14,30,17,"tottenham.png"
"326",325,6,NA,"Aston Villa",17,9,2,6,"31:18",13,29,17,"aston_villa.png"
"327",326,7,NA,"Southampton FC",17,8,5,4,"26:19",7,29,17,"southampton.png"
"328",327,8,NA,"Everton FC",17,9,2,6,"27:23",4,29,17,"everton.png"
"329",328,9,NA,"Chelsea FC",17,7,5,5,"32:21",11,26,17,"chelsea.png"
"330",329,10,NA,"West Ham United",17,7,5,5,"24:21",3,26,17,"west_ham.png"
"331",330,11,NA,"Arsenal FC",17,7,2,8,"20:19",1,23,17,"arsenal.png"
"332",331,12,NA,"Leeds United",17,7,2,8,"30:33",-3,23,17,"leeds.png"
"333",332,13,NA,"Wolverhampton Wanderers",17,6,4,7,"18:24",-6,22,17,"wolverhampton.png"
"334",333,14,NA,"Crystal Palace",17,6,4,7,"22:29",-7,22,17,"crystal_palace.png"
"335",334,15,NA,"Newcastle United",17,5,4,8,"18:28",-10,19,17,"newcastle.png"
"336",335,16,NA,"Burnley FC",17,4,5,8,"10:22",-12,17,17,"burnley.png"
"337",336,17,NA,"Brighton & Hove Albion",17,2,8,7,"21:28",-7,14,17,"brighton.png"
"338",337,18,NA,"Fulham FC",17,2,7,8,"15:25",-10,13,17,"fulham.png"
"339",338,19,NA,"West Bromwich Albion",17,1,5,11,"11:39",-28,8,17,"wolverhampton.png"
"340",339,20,NA,"Sheffield United",17,0,2,15,"8:29",-21,2,17,"sheffield.png"
"341",340,1,NA,"Manchester United",18,12,3,3,"36:25",11,39,18,"manchester_united.png"
"342",341,2,NA,"Manchester City",18,11,5,2,"30:14",16,38,18,"manchester_city.png"
"343",342,3,NA,"Leicester City",18,11,2,5,"33:21",12,35,18,"leicester.png"
"344",343,4,NA,"Tottenham Hotspur",18,9,6,3,"32:16",16,33,18,"tottenham.png"
"345",344,5,NA,"Liverpool FC",18,9,6,3,"37:22",15,33,18,"liverpool.png"
"346",345,6,NA,"Everton FC",18,10,2,6,"29:24",5,32,18,"everton.png"
"347",346,7,NA,"Aston Villa",18,9,2,7,"31:20",11,29,18,"aston_villa.png"
"348",347,8,NA,"Southampton FC",18,8,5,5,"26:22",4,29,18,"southampton.png"
"349",348,9,NA,"West Ham United",18,8,5,5,"26:22",4,29,18,"west_ham.png"
"350",349,10,NA,"Chelsea FC",18,7,5,6,"32:23",9,26,18,"chelsea.png"
"351",350,11,NA,"Leeds United",18,8,2,8,"33:33",0,26,18,"leeds.png"
"352",351,12,NA,"Arsenal FC",18,7,3,8,"20:19",1,24,18,"arsenal.png"
"353",352,13,NA,"Crystal Palace",18,6,5,7,"22:29",-7,23,18,"crystal_palace.png"
"354",353,14,NA,"Wolverhampton Wanderers",18,6,4,8,"19:26",-7,22,18,"wolverhampton.png"
"355",354,15,NA,"Burnley FC",18,5,5,8,"11:22",-11,20,18,"burnley.png"
"356",355,16,NA,"Newcastle United",18,5,4,9,"18:29",-11,19,18,"newcastle.png"
"357",356,17,NA,"Brighton & Hove Albion",18,2,8,8,"21:29",-8,14,18,"brighton.png"
"358",357,18,NA,"Fulham FC",18,2,7,9,"16:27",-11,13,18,"fulham.png"
"359",358,19,NA,"West Bromwich Albion",18,1,5,12,"12:41",-29,8,18,"wolverhampton.png"
"360",359,20,NA,"Sheffield United",18,1,2,15,"9:29",-20,5,18,"sheffield.png"
"361",360,1,NA,"Manchester City",19,12,5,2,"34:14",20,41,19,"manchester_city.png"
"362",361,2,NA,"Manchester United",19,12,4,3,"36:25",11,40,19,"manchester_united.png"
"363",362,3,NA,"Leicester City",19,12,2,5,"35:21",14,38,19,"leicester.png"
"364",363,4,NA,"Tottenham Hotspur",19,10,6,3,"35:17",18,36,19,"tottenham.png"
"365",364,5,NA,"Liverpool FC",19,9,7,3,"37:22",15,34,19,"liverpool.png"
"366",365,6,NA,"Everton FC",19,10,3,6,"29:24",5,33,19,"everton.png"
"367",366,7,NA,"West Ham United",19,9,5,5,"27:22",5,32,19,"west_ham.png"
"368",367,8,NA,"Aston Villa",19,9,3,7,"31:20",11,30,19,"aston_villa.png"
"369",368,9,NA,"Chelsea FC",19,8,5,6,"33:23",10,29,19,"chelsea.png"
"370",369,10,NA,"Southampton FC",19,8,5,6,"26:24",2,29,19,"southampton.png"
"371",370,11,NA,"Arsenal FC",19,8,3,8,"23:19",4,27,19,"arsenal.png"
"372",371,12,NA,"Leeds United",19,8,2,9,"33:34",-1,26,19,"leeds.png"
"373",372,13,NA,"Crystal Palace",19,6,5,8,"22:33",-11,23,19,"crystal_palace.png"
"374",373,14,NA,"Wolverhampton Wanderers",19,6,4,9,"21:29",-8,22,19,"wolverhampton.png"
"375",374,15,NA,"Burnley FC",19,5,5,9,"11:23",-12,20,19,"burnley.png"
"376",375,16,NA,"Newcastle United",19,5,4,10,"18:32",-14,19,19,"newcastle.png"
"377",376,17,NA,"Brighton & Hove Albion",19,3,8,8,"22:29",-7,17,19,"brighton.png"
"378",377,18,NA,"Fulham FC",19,2,7,10,"16:28",-12,13,19,"fulham.png"
"379",378,19,NA,"West Bromwich Albion",19,2,5,12,"15:43",-28,11,19,"wolverhampton.png"
"380",379,20,NA,"Sheffield United",19,1,2,16,"10:32",-22,5,19,"sheffield.png"
"381",380,1,NA,"Manchester City",20,13,5,2,"39:14",25,44,20,"manchester_city.png"
"382",381,2,NA,"Manchester United",20,12,4,4,"37:27",10,40,20,"manchester_united.png"
"383",382,3,NA,"Leicester City",20,12,3,5,"36:22",14,39,20,"leicester.png"
"384",383,4,NA,"Liverpool FC",20,10,7,3,"40:23",17,37,20,"liverpool.png"
"385",384,5,NA,"Tottenham Hotspur",20,10,6,4,"36:20",16,36,20,"tottenham.png"
"386",385,6,NA,"West Ham United",20,10,5,5,"30:24",6,35,20,"west_ham.png"
"387",386,7,NA,"Everton FC",20,10,4,6,"30:25",5,34,20,"everton.png"
"388",387,8,NA,"Aston Villa",20,9,3,8,"33:23",10,30,20,"aston_villa.png"
"389",388,9,NA,"Chelsea FC",20,8,6,6,"33:23",10,30,20,"chelsea.png"
"390",389,10,NA,"Arsenal FC",20,9,3,8,"26:20",6,30,20,"arsenal.png"
"391",390,11,NA,"Leeds United",20,9,2,9,"35:35",0,29,20,"leeds.png"
"392",391,12,NA,"Southampton FC",20,8,5,7,"27:27",0,29,20,"southampton.png"
"393",392,13,NA,"Wolverhampton Wanderers",20,6,5,9,"21:29",-8,23,20,"wolverhampton.png"
"394",393,14,NA,"Burnley FC",20,6,5,9,"14:25",-11,23,20,"burnley.png"
"395",394,15,NA,"Crystal Palace",20,6,5,9,"24:36",-12,23,20,"crystal_palace.png"
"396",395,16,NA,"Newcastle United",20,5,4,11,"19:34",-15,19,20,"newcastle.png"
"397",396,17,NA,"Brighton & Hove Albion",20,3,9,8,"22:29",-7,18,20,"brighton.png"
"398",397,18,NA,"Fulham FC",20,2,8,10,"16:28",-12,14,20,"fulham.png"
"399",398,19,NA,"West Bromwich Albion",20,2,5,13,"15:48",-33,11,20,"wolverhampton.png"
"400",399,20,NA,"Sheffield United",20,2,2,16,"12:33",-21,8,20,"sheffield.png"
"401",400,1,NA,"Manchester City",21,14,5,2,"40:14",26,47,21,"manchester_city.png"
"402",401,2,NA,"Manchester United",21,12,5,4,"37:27",10,41,21,"manchester_united.png"
"403",402,3,NA,"Liverpool FC",21,11,7,3,"43:24",19,40,21,"liverpool.png"
"404",403,4,NA,"Leicester City",21,12,3,6,"37:25",12,39,21,"leicester.png"
"405",404,5,NA,"Tottenham Hotspur",21,10,6,5,"36:21",15,36,21,"tottenham.png"
"406",405,6,NA,"West Ham United",21,10,5,6,"31:27",4,35,21,"west_ham.png"
"407",406,7,NA,"Everton FC",21,10,4,7,"30:27",3,34,21,"everton.png"
"408",407,8,NA,"Chelsea FC",21,9,6,6,"35:23",12,33,21,"chelsea.png"
"409",408,9,NA,"Aston Villa",21,10,3,8,"34:23",11,33,21,"aston_villa.png"
"410",409,10,NA,"Leeds United",21,10,2,9,"38:36",2,32,21,"leeds.png"
"411",410,11,NA,"Arsenal FC",21,9,4,8,"26:20",6,31,21,"arsenal.png"
"412",411,12,NA,"Southampton FC",21,8,5,8,"27:28",-1,29,21,"southampton.png"
"413",412,13,NA,"Crystal Palace",21,7,5,9,"25:36",-11,26,21,"crystal_palace.png"
"414",413,14,NA,"Wolverhampton Wanderers",21,6,5,10,"21:30",-9,23,21,"wolverhampton.png"
"415",414,15,NA,"Burnley FC",21,6,5,10,"14:27",-13,23,21,"burnley.png"
"416",415,16,NA,"Newcastle United",21,6,4,11,"21:34",-13,22,21,"newcastle.png"
"417",416,17,NA,"Brighton & Hove Albion",21,4,9,8,"23:29",-6,21,21,"brighton.png"
"418",417,18,NA,"Fulham FC",21,2,9,10,"18:30",-12,15,21,"fulham.png"
"419",418,19,NA,"West Bromwich Albion",21,2,6,13,"17:50",-33,12,21,"wolverhampton.png"
"420",419,20,NA,"Sheffield United",21,2,2,17,"12:34",-22,8,21,"sheffield.png"
"421",420,1,NA,"Manchester City",22,15,5,2,"42:14",28,50,22,"manchester_city.png"
"422",421,2,NA,"Manchester United",22,13,5,4,"46:27",19,44,22,"manchester_united.png"
"423",422,3,NA,"Leicester City",22,13,3,6,"39:25",14,42,22,"leicester.png"
"424",423,4,NA,"Liverpool FC",22,11,7,4,"43:25",18,40,22,"liverpool.png"
"425",424,5,NA,"West Ham United",22,11,5,6,"34:28",6,38,22,"west_ham.png"
"426",425,6,NA,"Everton FC",22,11,4,7,"32:28",4,37,22,"everton.png"
"427",426,7,NA,"Tottenham Hotspur",22,10,6,6,"36:22",14,36,22,"tottenham.png"
"428",427,8,NA,"Chelsea FC",22,10,6,6,"36:23",13,36,22,"chelsea.png"
"429",428,9,NA,"Aston Villa",22,10,3,9,"35:26",9,33,22,"aston_villa.png"
"430",429,10,NA,"Leeds United",22,10,2,10,"39:38",1,32,22,"leeds.png"
"431",430,11,NA,"Arsenal FC",22,9,4,9,"27:22",5,31,22,"arsenal.png"
"432",431,12,NA,"Crystal Palace",22,8,5,9,"27:37",-10,29,22,"crystal_palace.png"
"433",432,13,NA,"Southampton FC",22,8,5,9,"27:37",-10,29,22,"southampton.png"
"434",433,14,NA,"Wolverhampton Wanderers",22,7,5,10,"23:31",-8,26,22,"wolverhampton.png"
"435",434,15,NA,"Brighton & Hove Albion",22,5,9,8,"24:29",-5,24,22,"brighton.png"
"436",435,16,NA,"Burnley FC",22,6,5,11,"14:29",-15,23,22,"burnley.png"
"437",436,17,NA,"Newcastle United",22,6,4,12,"22:36",-14,22,22,"newcastle.png"
"438",437,18,NA,"Fulham FC",22,2,9,11,"18:32",-14,15,22,"fulham.png"
"439",438,19,NA,"West Bromwich Albion",22,2,6,14,"18:52",-34,12,22,"wolverhampton.png"
"440",439,20,NA,"Sheffield United",22,3,2,17,"14:35",-21,11,22,"sheffield.png"
"441",440,1,NA,"Manchester City",23,16,5,2,"46:15",31,53,23,"manchester_city.png"
"442",441,2,NA,"Manchester United",23,13,6,4,"49:30",19,45,23,"manchester_united.png"
"443",442,3,NA,"Leicester City",23,13,4,6,"39:25",14,43,23,"leicester.png"
"444",443,4,NA,"Liverpool FC",23,11,7,5,"44:29",15,40,23,"liverpool.png"
"445",444,5,NA,"Tottenham Hotspur",23,11,6,6,"38:22",16,39,23,"tottenham.png"
"446",445,6,NA,"Chelsea FC",23,11,6,6,"38:24",14,39,23,"chelsea.png"
"447",446,7,NA,"West Ham United",23,11,6,6,"34:28",6,39,23,"west_ham.png"
"448",447,8,NA,"Everton FC",23,11,5,7,"35:31",4,38,23,"everton.png"
"449",448,9,NA,"Aston Villa",23,11,3,9,"36:26",10,36,23,"aston_villa.png"
"450",449,10,NA,"Leeds United",23,11,2,10,"41:38",3,35,23,"leeds.png"
"451",450,11,NA,"Arsenal FC",23,9,4,10,"27:23",4,31,23,"arsenal.png"
"452",451,12,NA,"Southampton FC",23,8,5,10,"29:40",-11,29,23,"southampton.png"
"453",452,13,NA,"Crystal Palace",23,8,5,10,"27:39",-12,29,23,"crystal_palace.png"
"454",453,14,NA,"Wolverhampton Wanderers",23,7,6,10,"23:31",-8,27,23,"wolverhampton.png"
"455",454,15,NA,"Brighton & Hove Albion",23,5,10,8,"25:30",-5,25,23,"brighton.png"
"456",455,16,NA,"Newcastle United",23,7,4,12,"25:38",-13,25,23,"newcastle.png"
"457",456,17,NA,"Burnley FC",23,6,6,11,"15:30",-15,24,23,"burnley.png"
"458",457,18,NA,"Fulham FC",23,2,10,11,"18:32",-14,16,23,"fulham.png"
"459",458,19,NA,"West Bromwich Albion",23,2,6,15,"18:54",-36,12,23,"wolverhampton.png"
"460",459,20,NA,"Sheffield United",23,3,2,18,"15:37",-22,11,23,"sheffield.png"
"461",460,1,NA,"Manchester City",24,17,5,2,"49:15",34,56,24,"manchester_city.png"
"462",461,2,NA,"Manchester United",24,13,7,4,"50:31",19,46,24,"manchester_united.png"
"463",462,3,NA,"Leicester City",24,14,4,6,"42:26",16,46,24,"leicester.png"
"464",463,4,NA,"Chelsea FC",24,12,6,6,"40:24",16,42,24,"chelsea.png"
"465",464,5,NA,"West Ham United",24,12,6,6,"37:28",9,42,24,"west_ham.png"
"466",465,6,NA,"Liverpool FC",24,11,7,6,"45:32",13,40,24,"liverpool.png"
"467",466,7,NA,"Tottenham Hotspur",24,11,6,7,"38:25",13,39,24,"tottenham.png"
"468",467,8,NA,"Everton FC",24,11,5,8,"35:33",2,38,24,"everton.png"
"469",468,9,NA,"Aston Villa",24,11,4,9,"36:26",10,37,24,"aston_villa.png"
"470",469,10,NA,"Leeds United",24,11,2,11,"43:42",1,35,24,"leeds.png"
"471",470,11,NA,"Arsenal FC",24,10,4,10,"31:25",6,34,24,"arsenal.png"
"472",471,12,NA,"Wolverhampton Wanderers",24,8,6,10,"25:32",-7,30,24,"wolverhampton.png"
"473",472,13,NA,"Southampton FC",24,8,5,11,"30:42",-12,29,24,"southampton.png"
"474",473,14,NA,"Crystal Palace",24,8,5,11,"27:42",-15,29,24,"crystal_palace.png"
"475",474,15,NA,"Burnley FC",24,7,6,11,"18:30",-12,27,24,"burnley.png"
"476",475,16,NA,"Brighton & Hove Albion",24,5,11,8,"25:30",-5,26,24,"brighton.png"
"477",476,17,NA,"Newcastle United",24,7,4,13,"25:40",-15,25,24,"newcastle.png"
"478",477,18,NA,"Fulham FC",24,3,10,11,"20:32",-12,19,24,"fulham.png"
"479",478,19,NA,"West Bromwich Albion",24,2,7,15,"19:55",-36,13,24,"wolverhampton.png"
"480",479,20,NA,"Sheffield United",24,3,2,19,"15:40",-25,11,24,"sheffield.png"
"481",480,1,NA,"Manchester City",25,18,5,2,"50:15",35,59,25,"manchester_city.png"
"482",481,2,NA,"Manchester United",25,14,7,4,"53:32",21,49,25,"manchester_united.png"
"483",482,3,NA,"Leicester City",25,15,4,6,"44:27",17,49,25,"leicester.png"
"484",483,4,NA,"West Ham United",25,13,6,6,"39:29",10,45,25,"west_ham.png"
"485",484,5,NA,"Chelsea FC",25,12,7,6,"41:25",16,43,25,"chelsea.png"
"486",485,6,NA,"Everton FC",25,12,5,8,"37:33",4,41,25,"everton.png"
"487",486,7,NA,"Liverpool FC",25,11,7,7,"45:34",11,40,25,"liverpool.png"
"488",487,8,NA,"Tottenham Hotspur",25,11,6,8,"39:27",12,39,25,"tottenham.png"
"489",488,9,NA,"Aston Villa",25,11,4,10,"37:28",9,37,25,"aston_villa.png"
"490",489,10,NA,"Leeds United",25,11,2,12,"43:43",0,35,25,"leeds.png"
"491",490,11,NA,"Arsenal FC",25,10,4,11,"31:26",5,34,25,"arsenal.png"
"492",491,12,NA,"Wolverhampton Wanderers",25,9,6,10,"26:32",-6,33,25,"wolverhampton.png"
"493",492,13,NA,"Crystal Palace",25,9,5,11,"29:43",-14,32,25,"crystal_palace.png"
"494",493,14,NA,"Southampton FC",25,8,6,11,"31:43",-12,30,25,"southampton.png"
"495",494,15,NA,"Burnley FC",25,7,7,11,"18:30",-12,28,25,"burnley.png"
"496",495,16,NA,"Brighton & Hove Albion",25,5,11,9,"26:32",-6,26,25,"brighton.png"
"497",496,17,NA,"Newcastle United",25,7,4,14,"26:43",-17,25,25,"newcastle.png"
"498",497,18,NA,"Fulham FC",25,4,10,11,"21:32",-11,22,25,"fulham.png"
"499",498,19,NA,"West Bromwich Albion",25,2,8,15,"19:55",-36,14,25,"wolverhampton.png"
"500",499,20,NA,"Sheffield United",25,3,2,20,"15:41",-26,11,25,"sheffield.png"
"501",500,1,NA,"Manchester City",26,19,5,2,"52:16",36,62,26,"manchester_city.png"
"502",501,2,NA,"Manchester United",26,14,8,4,"53:32",21,50,26,"manchester_united.png"
"503",502,3,NA,"Leicester City",26,15,4,7,"45:30",15,49,26,"leicester.png"
"504",503,4,NA,"West Ham United",26,13,6,7,"40:31",9,45,26,"west_ham.png"
"505",504,5,NA,"Chelsea FC",26,12,8,6,"41:25",16,44,26,"chelsea.png"
"506",505,6,NA,"Everton FC",26,13,5,8,"38:33",5,44,26,"everton.png"
"507",506,7,NA,"Liverpool FC",26,12,7,7,"47:34",13,43,26,"liverpool.png"
"508",507,8,NA,"Tottenham Hotspur",26,12,6,8,"43:27",16,42,26,"tottenham.png"
"509",508,9,NA,"Aston Villa",26,12,4,10,"38:28",10,40,26,"aston_villa.png"
"510",509,10,NA,"Arsenal FC",26,11,4,11,"34:27",7,37,26,"arsenal.png"
"511",510,11,NA,"Leeds United",26,11,2,13,"43:44",-1,35,26,"leeds.png"
"512",511,12,NA,"Wolverhampton Wanderers",26,9,7,10,"27:33",-6,34,26,"wolverhampton.png"
"513",512,13,NA,"Crystal Palace",26,9,6,11,"29:43",-14,33,26,"crystal_palace.png"
"514",513,14,NA,"Southampton FC",26,8,6,12,"31:44",-13,30,26,"southampton.png"
"515",514,15,NA,"Burnley FC",26,7,7,12,"18:34",-16,28,26,"burnley.png"
"516",515,16,NA,"Brighton & Hove Albion",26,5,11,10,"26:33",-7,26,26,"brighton.png"
"517",516,17,NA,"Newcastle United",26,7,5,14,"27:44",-17,26,26,"newcastle.png"
"518",517,18,NA,"Fulham FC",26,4,11,11,"21:32",-11,23,26,"fulham.png"
"519",518,19,NA,"West Bromwich Albion",26,3,8,15,"20:55",-35,17,26,"wolverhampton.png"
"520",519,20,NA,"Sheffield United",26,3,2,21,"15:43",-28,11,26,"sheffield.png"
"521",520,1,NA,"Manchester City",27,19,5,3,"52:18",34,62,27,"manchester_city.png"
"522",521,2,NA,"Manchester United",27,15,8,4,"55:32",23,53,27,"manchester_united.png"
"523",522,3,NA,"Leicester City",27,16,4,7,"47:31",16,52,27,"leicester.png"
"524",523,4,NA,"West Ham United",27,14,6,7,"42:31",11,48,27,"west_ham.png"
"525",524,5,NA,"Chelsea FC",27,13,8,6,"43:25",18,47,27,"chelsea.png"
"526",525,6,NA,"Tottenham Hotspur",27,13,6,8,"47:28",19,45,27,"tottenham.png"
"527",526,7,NA,"Everton FC",27,13,5,9,"38:35",3,44,27,"everton.png"
"528",527,8,NA,"Liverpool FC",27,12,7,8,"47:35",12,43,27,"liverpool.png"
"529",528,9,NA,"Aston Villa",27,12,5,10,"38:28",10,41,27,"aston_villa.png"
"530",529,10,NA,"Arsenal FC",27,11,5,11,"35:28",7,38,27,"arsenal.png"
"531",530,11,NA,"Leeds United",27,11,2,14,"43:46",-3,35,27,"leeds.png"
"532",531,12,NA,"Wolverhampton Wanderers",27,9,8,10,"27:33",-6,35,27,"wolverhampton.png"
"533",532,13,NA,"Southampton FC",27,9,6,12,"33:44",-11,33,27,"southampton.png"
"534",533,14,NA,"Crystal Palace",27,9,6,12,"30:47",-17,33,27,"crystal_palace.png"
"535",534,15,NA,"Burnley FC",27,7,8,12,"19:35",-16,29,27,"burnley.png"
"536",535,16,NA,"Newcastle United",27,7,6,14,"27:44",-17,27,27,"newcastle.png"
"537",536,17,NA,"Brighton & Hove Albion",27,5,11,11,"27:35",-8,26,27,"brighton.png"
"538",537,18,NA,"Fulham FC",27,5,11,11,"22:32",-10,26,27,"fulham.png"
"539",538,19,NA,"West Bromwich Albion",27,3,9,15,"20:55",-35,18,27,"wolverhampton.png"
"540",539,20,NA,"Sheffield United",27,3,2,22,"15:45",-30,11,27,"sheffield.png"
"541",540,1,NA,"Manchester City",28,20,5,3,"55:18",37,65,28,"manchester_city.png"
"542",541,2,NA,"Manchester United",28,16,8,4,"56:32",24,56,28,"manchester_united.png"
"543",542,3,NA,"Leicester City",28,17,4,7,"52:31",21,55,28,"leicester.png"
"544",543,4,NA,"Chelsea FC",28,13,9,6,"43:25",18,48,28,"chelsea.png"
"545",544,5,NA,"West Ham United",28,14,6,8,"42:32",10,48,28,"west_ham.png"
"546",545,6,NA,"Liverpool FC",28,13,7,8,"48:35",13,46,28,"liverpool.png"
"547",546,7,NA,"Tottenham Hotspur",28,13,6,9,"48:30",18,45,28,"tottenham.png"
"548",547,8,NA,"Everton FC",28,13,5,10,"39:37",2,44,28,"everton.png"
"549",548,9,NA,"Aston Villa",28,12,6,10,"39:29",10,42,28,"aston_villa.png"
"550",549,10,NA,"Arsenal FC",28,12,5,11,"37:29",8,41,28,"arsenal.png"
"551",550,11,NA,"Leeds United",28,11,3,14,"43:46",-3,36,28,"leeds.png"
"552",551,12,NA,"Crystal Palace",28,10,6,12,"31:47",-16,36,28,"crystal_palace.png"
"553",552,13,NA,"Wolverhampton Wanderers",28,9,8,11,"27:34",-7,35,28,"wolverhampton.png"
"554",553,14,NA,"Southampton FC",28,9,6,13,"34:46",-12,33,28,"southampton.png"
"555",554,15,NA,"Burnley FC",28,8,8,12,"21:36",-15,32,28,"burnley.png"
"556",555,16,NA,"Brighton & Hove Albion",28,6,11,11,"29:36",-7,29,28,"brighton.png"
"557",556,17,NA,"Newcastle United",28,7,7,14,"28:45",-17,28,28,"newcastle.png"
"558",557,18,NA,"Fulham FC",28,5,11,12,"22:35",-13,26,28,"fulham.png"
"559",558,19,NA,"West Bromwich Albion",28,3,9,16,"20:56",-36,18,28,"wolverhampton.png"
"560",559,20,NA,"Sheffield United",28,3,2,23,"15:50",-35,11,28,"sheffield.png"
"561",560,1,NA,"Manchester City",29,21,5,3,"59:19",40,68,29,"manchester_city.png"
"562",561,2,NA,"Manchester United",29,16,9,4,"56:32",24,57,29,"manchester_united.png"
"563",562,3,NA,"Leicester City",29,17,5,7,"53:32",21,56,29,"leicester.png"
"564",563,4,NA,"Chelsea FC",29,14,9,6,"44:25",19,51,29,"chelsea.png"
"565",564,5,NA,"West Ham United",29,14,7,8,"45:35",10,49,29,"west_ham.png"
"566",565,6,NA,"Tottenham Hotspur",29,14,6,9,"50:31",19,48,29,"tottenham.png"
"567",566,7,NA,"Everton FC",29,14,5,10,"40:37",3,47,29,"everton.png"
"568",567,8,NA,"Liverpool FC",29,13,7,9,"48:36",12,46,29,"liverpool.png"
"569",568,9,NA,"Aston Villa",29,12,6,11,"39:30",9,42,29,"aston_villa.png"
"570",569,10,NA,"Arsenal FC",29,12,6,11,"40:32",8,42,29,"arsenal.png"
"571",570,11,NA,"Leeds United",29,12,3,14,"45:47",-2,39,29,"leeds.png"
"572",571,12,NA,"Crystal Palace",29,10,7,12,"31:47",-16,37,29,"crystal_palace.png"
"573",572,13,NA,"Wolverhampton Wanderers",29,9,8,12,"28:38",-10,35,29,"wolverhampton.png"
"574",573,14,NA,"Southampton FC",29,9,6,14,"35:48",-13,33,29,"southampton.png"
"575",574,15,NA,"Burnley FC",29,8,9,12,"22:37",-15,33,29,"burnley.png"
"576",575,16,NA,"Brighton & Hove Albion",29,7,11,11,"32:36",-4,32,29,"brighton.png"
"577",576,17,NA,"Newcastle United",29,7,7,15,"28:48",-20,28,29,"newcastle.png"
"578",577,18,NA,"Fulham FC",29,5,11,13,"23:37",-14,26,29,"fulham.png"
"579",578,19,NA,"West Bromwich Albion",29,3,9,17,"20:57",-37,18,29,"wolverhampton.png"
"580",579,20,NA,"Sheffield United",29,4,2,23,"16:50",-34,14,29,"sheffield.png"
"581",580,1,NA,"Manchester City",30,22,5,3,"61:19",42,71,30,"manchester_city.png"
"582",581,2,NA,"Manchester United",30,17,9,4,"58:33",25,60,30,"manchester_united.png"
"583",582,3,NA,"Leicester City",30,17,5,8,"53:34",19,56,30,"leicester.png"
"584",583,4,NA,"West Ham United",30,15,7,8,"48:37",11,52,30,"west_ham.png"
"585",584,5,NA,"Chelsea FC",30,14,9,7,"46:30",16,51,30,"chelsea.png"
"586",585,6,NA,"Tottenham Hotspur",30,14,7,9,"52:33",19,49,30,"tottenham.png"
"587",586,7,NA,"Liverpool FC",30,14,7,9,"51:36",15,49,30,"liverpool.png"
"588",587,8,NA,"Everton FC",30,14,6,10,"41:38",3,48,30,"everton.png"
"589",588,9,NA,"Aston Villa",30,13,6,11,"42:31",11,45,30,"aston_villa.png"
"590",589,10,NA,"Arsenal FC",30,12,6,12,"40:35",5,42,30,"arsenal.png"
"591",590,11,NA,"Leeds United",30,13,3,14,"47:48",-1,42,30,"leeds.png"
"592",591,12,NA,"Crystal Palace",30,10,8,12,"32:48",-16,38,30,"crystal_palace.png"
"593",592,13,NA,"Southampton FC",30,10,6,14,"38:50",-12,36,30,"southampton.png"
"594",593,14,NA,"Wolverhampton Wanderers",30,9,8,13,"30:41",-11,35,30,"wolverhampton.png"
"595",594,15,NA,"Burnley FC",30,8,9,13,"24:40",-16,33,30,"burnley.png"
"596",595,16,NA,"Brighton & Hove Albion",30,7,11,12,"33:38",-5,32,30,"brighton.png"
"597",596,17,NA,"Newcastle United",30,7,8,15,"30:50",-20,29,30,"newcastle.png"
"598",597,18,NA,"Fulham FC",30,5,11,14,"24:40",-16,26,30,"fulham.png"
"599",598,19,NA,"West Bromwich Albion",30,4,9,17,"25:59",-34,21,30,"wolverhampton.png"
"600",599,20,NA,"Sheffield United",30,4,2,24,"17:52",-35,14,30,"sheffield.png"
"601",600,1,NA,"Manchester City",31,22,5,4,"62:21",41,71,31,"manchester_city.png"
"602",601,2,NA,"Manchester United",31,18,9,4,"61:34",27,63,31,"manchester_united.png"
"603",602,3,NA,"Leicester City",31,17,5,9,"55:37",18,56,31,"leicester.png"
"604",603,4,NA,"West Ham United",31,16,7,8,"51:39",12,55,31,"west_ham.png"
"605",604,5,NA,"Chelsea FC",31,15,9,7,"50:31",19,54,31,"chelsea.png"
"606",605,6,NA,"Liverpool FC",31,15,7,9,"53:37",16,52,31,"liverpool.png"
"607",606,7,NA,"Tottenham Hotspur",31,14,7,10,"53:36",17,49,31,"tottenham.png"
"608",607,8,NA,"Everton FC",31,14,7,10,"41:38",3,49,31,"everton.png"
"609",608,9,NA,"Aston Villa",31,13,6,12,"43:33",10,45,31,"aston_villa.png"
"610",609,10,NA,"Arsenal FC",31,13,6,12,"43:35",8,45,31,"arsenal.png"
"611",610,11,NA,"Leeds United",31,14,3,14,"49:49",0,45,31,"leeds.png"
"612",611,12,NA,"Wolverhampton Wanderers",31,10,8,13,"31:41",-10,38,31,"wolverhampton.png"
"613",612,13,NA,"Crystal Palace",31,10,8,13,"33:52",-19,38,31,"crystal_palace.png"
"614",613,14,NA,"Southampton FC",31,10,6,15,"38:53",-15,36,31,"southampton.png"
"615",614,15,NA,"Brighton & Hove Albion",31,7,12,12,"33:38",-5,33,31,"brighton.png"
"616",615,16,NA,"Burnley FC",31,8,9,14,"25:42",-17,33,31,"burnley.png"
"617",616,17,NA,"Newcastle United",31,8,8,15,"32:51",-19,32,31,"newcastle.png"
"618",617,18,NA,"Fulham FC",31,5,11,15,"24:41",-17,26,31,"fulham.png"
"619",618,19,NA,"West Bromwich Albion",31,5,9,17,"28:59",-31,24,31,"wolverhampton.png"
"620",619,20,NA,"Sheffield United",31,4,2,25,"17:55",-38,14,31,"sheffield.png"
"621",620,1,NA,"Manchester City",32,23,5,4,"64:22",42,74,32,"manchester_city.png"
"622",621,2,NA,"Manchester United",32,19,9,4,"64:35",29,66,32,"manchester_united.png"
"623",622,3,NA,"Leicester City",32,18,5,9,"58:37",21,59,32,"leicester.png"
"624",623,4,NA,"Chelsea FC",32,15,10,7,"50:31",19,55,32,"chelsea.png"
"625",624,5,NA,"West Ham United",32,16,7,9,"53:42",11,55,32,"west_ham.png"
"626",625,6,NA,"Liverpool FC",32,15,8,9,"54:38",16,53,32,"liverpool.png"
"627",626,7,NA,"Tottenham Hotspur",32,14,8,10,"55:38",17,50,32,"tottenham.png"
"628",627,8,NA,"Everton FC",32,14,8,10,"43:40",3,50,32,"everton.png"
"629",628,9,NA,"Arsenal FC",32,13,7,12,"44:36",8,46,32,"arsenal.png"
"630",629,10,NA,"Leeds United",32,14,4,14,"50:50",0,46,32,"leeds.png"
"631",630,11,NA,"Aston Villa",32,13,6,13,"44:35",9,45,32,"aston_villa.png"
"632",631,12,NA,"Wolverhampton Wanderers",32,11,8,13,"32:41",-9,41,32,"wolverhampton.png"
"633",632,13,NA,"Southampton FC",32,11,6,15,"41:54",-13,39,32,"southampton.png"
"634",633,14,NA,"Crystal Palace",32,10,8,14,"34:55",-21,38,32,"crystal_palace.png"
"635",634,15,NA,"Newcastle United",32,9,8,15,"35:53",-18,35,32,"newcastle.png"
"636",635,16,NA,"Brighton & Hove Albion",32,7,13,12,"33:38",-5,34,32,"brighton.png"
"637",636,17,NA,"Burnley FC",32,8,9,15,"26:45",-19,33,32,"burnley.png"
"638",637,18,NA,"Fulham FC",32,5,12,15,"25:42",-17,27,32,"fulham.png"
"639",638,19,NA,"West Bromwich Albion",32,5,9,18,"28:62",-34,24,32,"wolverhampton.png"
"640",639,20,NA,"Sheffield United",32,4,2,26,"17:56",-39,14,32,"sheffield.png"
"641",640,1,NA,"Manchester City",33,24,5,4,"69:24",45,77,33,"manchester_city.png"
"642",641,2,NA,"Manchester United",33,19,10,4,"64:35",29,67,33,"manchester_united.png"
"643",642,3,NA,"Leicester City",33,19,5,9,"60:38",22,62,33,"leicester.png"
"644",643,4,NA,"Chelsea FC",33,16,10,7,"51:31",20,58,33,"chelsea.png"
"645",644,5,NA,"West Ham United",33,16,7,10,"53:43",10,55,33,"west_ham.png"
"646",645,6,NA,"Liverpool FC",33,15,9,9,"55:39",16,54,33,"liverpool.png"
"647",646,7,NA,"Tottenham Hotspur",33,15,8,10,"56:38",18,53,33,"tottenham.png"
"648",647,8,NA,"Everton FC",33,15,8,10,"44:40",4,53,33,"everton.png"
"649",648,9,NA,"Leeds United",33,14,5,14,"50:50",0,47,33,"leeds.png"
"650",649,10,NA,"Aston Villa",33,13,7,13,"46:37",9,46,33,"aston_villa.png"
"651",650,11,NA,"Arsenal FC",33,13,7,13,"44:37",7,46,33,"arsenal.png"
"652",651,12,NA,"Wolverhampton Wanderers",33,11,8,14,"32:45",-13,41,33,"wolverhampton.png"
"653",652,13,NA,"Southampton FC",33,11,6,16,"43:59",-16,39,33,"southampton.png"
"654",653,14,NA,"Crystal Palace",33,10,8,15,"35:57",-22,38,33,"crystal_palace.png"
"655",654,15,NA,"Burnley FC",33,9,9,15,"30:45",-15,36,33,"burnley.png"
"656",655,16,NA,"Newcastle United",33,9,9,15,"36:54",-18,36,33,"newcastle.png"
"657",656,17,NA,"Brighton & Hove Albion",33,7,13,13,"33:39",-6,34,33,"brighton.png"
"658",657,18,NA,"Fulham FC",33,5,12,16,"25:43",-18,27,33,"fulham.png"
"659",658,19,NA,"West Bromwich Albion",33,5,10,18,"30:64",-34,25,33,"wolverhampton.png"
"660",659,20,NA,"Sheffield United",33,5,2,26,"18:56",-38,17,33,"sheffield.png"
"661",660,1,NA,"Manchester City",34,25,5,4,"71:24",47,80,34,"manchester_city.png"
"662",661,2,NA,"Manchester United",34,19,10,5,"66:39",27,67,34,"manchester_united.png"
"663",662,3,NA,"Leicester City",34,19,6,9,"61:39",22,63,34,"leicester.png"
"664",663,4,NA,"Chelsea FC",34,17,10,7,"53:31",22,61,34,"chelsea.png"
"665",664,5,NA,"West Ham United",34,17,7,10,"55:44",11,58,34,"west_ham.png"
"666",665,6,NA,"Liverpool FC",34,16,9,9,"59:41",18,57,34,"liverpool.png"
"667",666,7,NA,"Tottenham Hotspur",34,16,8,10,"60:38",22,56,34,"tottenham.png"
"668",667,8,NA,"Everton FC",34,15,8,11,"45:42",3,53,34,"everton.png"
"669",668,9,NA,"Aston Villa",34,14,7,13,"48:38",10,49,34,"aston_villa.png"
"670",669,10,NA,"Arsenal FC",34,14,7,13,"46:37",9,49,34,"arsenal.png"
"671",670,11,NA,"Leeds United",34,14,5,15,"50:52",-2,47,34,"leeds.png"
"672",671,12,NA,"Wolverhampton Wanderers",34,11,9,14,"33:46",-13,42,34,"wolverhampton.png"
"673",672,13,NA,"Southampton FC",34,11,7,16,"44:60",-16,40,34,"southampton.png"
"674",673,14,NA,"Crystal Palace",34,10,8,16,"35:59",-24,38,34,"crystal_palace.png"
"675",674,15,NA,"Brighton & Hove Albion",34,8,13,13,"35:39",-4,37,34,"brighton.png"
"676",675,16,NA,"Burnley FC",34,9,9,16,"31:47",-16,36,34,"burnley.png"
"677",676,17,NA,"Newcastle United",34,9,9,16,"36:56",-20,36,34,"newcastle.png"
"678",677,18,NA,"Fulham FC",34,5,12,17,"25:45",-20,27,34,"fulham.png"
"679",678,19,NA,"West Bromwich Albion",34,5,11,18,"31:65",-34,26,34,"wolverhampton.png"
"680",679,20,NA,"Sheffield United",34,5,2,27,"18:60",-42,17,34,"sheffield.png"
"681",680,1,NA,"Manchester City",35,25,5,5,"72:26",46,80,35,"manchester_city.png"
"682",681,2,NA,"Manchester United",35,20,10,5,"69:40",29,70,35,"manchester_united.png"
"683",682,3,NA,"Chelsea FC",35,18,10,7,"55:32",23,64,35,"chelsea.png"
"684",683,4,NA,"Leicester City",35,19,6,10,"63:43",20,63,35,"leicester.png"
"685",684,5,NA,"Liverpool FC",35,17,9,9,"61:41",20,60,35,"liverpool.png"
"686",685,6,NA,"West Ham United",35,17,7,11,"55:45",10,58,35,"west_ham.png"
"687",686,7,NA,"Tottenham Hotspur",35,16,8,11,"61:41",20,56,35,"tottenham.png"
"688",687,8,NA,"Everton FC",35,16,8,11,"46:42",4,56,35,"everton.png"
"689",688,9,NA,"Arsenal FC",35,15,7,13,"49:38",11,52,35,"arsenal.png"
"690",689,10,NA,"Leeds United",35,15,5,15,"53:53",0,50,35,"leeds.png"
"691",690,11,NA,"Aston Villa",35,14,7,14,"49:41",8,49,35,"aston_villa.png"
"692",691,12,NA,"Wolverhampton Wanderers",35,12,9,14,"35:47",-12,45,35,"wolverhampton.png"
"693",692,13,NA,"Crystal Palace",35,11,8,16,"37:59",-22,41,35,"crystal_palace.png"
"694",693,14,NA,"Southampton FC",35,11,7,17,"44:62",-18,40,35,"southampton.png"
"695",694,15,NA,"Burnley FC",35,10,9,16,"33:47",-14,39,35,"burnley.png"
"696",695,16,NA,"Newcastle United",35,10,9,16,"40:58",-18,39,35,"newcastle.png"
"697",696,17,NA,"Brighton & Hove Albion",35,8,13,14,"36:41",-5,37,35,"brighton.png"
"698",697,18,NA,"Fulham FC",35,5,12,18,"25:47",-22,27,35,"fulham.png"
"699",698,19,NA,"West Bromwich Albion",35,5,11,19,"32:68",-36,26,35,"wolverhampton.png"
"700",699,20,NA,"Sheffield United",35,5,2,28,"18:62",-44,17,35,"sheffield.png"
"701",700,1,NA,"Manchester City",36,26,5,5,"76:29",47,83,36,"manchester_city.png"
"702",701,2,NA,"Manchester United",36,20,10,6,"70:42",28,70,36,"manchester_united.png"
"703",702,3,NA,"Leicester City",36,20,6,10,"65:44",21,66,36,"leicester.png"
"704",703,4,NA,"Chelsea FC",36,18,10,8,"55:33",22,64,36,"chelsea.png"
"705",704,5,NA,"Liverpool FC",36,18,9,9,"63:42",21,63,36,"liverpool.png"
"706",705,6,NA,"Tottenham Hotspur",36,17,8,11,"63:41",22,59,36,"tottenham.png"
"707",706,7,NA,"West Ham United",36,17,8,11,"56:46",10,59,36,"west_ham.png"
"708",707,8,NA,"Everton FC",36,16,8,12,"46:43",3,56,36,"everton.png"
"709",708,9,NA,"Arsenal FC",36,16,7,13,"50:38",12,55,36,"arsenal.png"
"710",709,10,NA,"Leeds United",36,16,5,15,"57:53",4,53,36,"leeds.png"
"711",710,11,NA,"Aston Villa",36,14,7,15,"51:44",7,49,36,"aston_villa.png"
"712",711,12,NA,"Wolverhampton Wanderers",36,12,9,15,"35:49",-14,45,36,"wolverhampton.png"
"713",712,13,NA,"Crystal Palace",36,12,8,16,"40:61",-21,44,36,"crystal_palace.png"
"714",713,14,NA,"Southampton FC",36,12,7,17,"47:63",-16,43,36,"southampton.png"
"715",714,15,NA,"Burnley FC",36,10,9,17,"33:51",-18,39,36,"burnley.png"
"716",715,16,NA,"Newcastle United",36,10,9,17,"43:62",-19,39,36,"newcastle.png"
"717",716,17,NA,"Brighton & Hove Albion",36,8,14,14,"37:42",-5,38,36,"brighton.png"
"718",717,18,NA,"Fulham FC",36,5,12,19,"26:50",-24,27,36,"fulham.png"
"719",718,19,NA,"West Bromwich Albion",36,5,11,20,"33:70",-37,26,36,"wolverhampton.png"
"720",719,20,NA,"Sheffield United",36,6,2,28,"19:62",-43,20,36,"sheffield.png"
"721",720,1,NA,"Manchester City",37,26,5,6,"78:32",46,83,37,"manchester_city.png"
"722",721,2,NA,"Manchester United",37,20,11,6,"71:43",28,71,37,"manchester_united.png"
"723",722,3,NA,"Chelsea FC",37,19,10,8,"57:34",23,67,37,"chelsea.png"
"724",723,4,NA,"Liverpool FC",37,19,9,9,"66:42",24,66,37,"liverpool.png"
"725",724,5,NA,"Leicester City",37,20,6,11,"66:46",20,66,37,"leicester.png"
"726",725,6,NA,"West Ham United",37,18,8,11,"59:47",12,62,37,"west_ham.png"
"727",726,7,NA,"Tottenham Hotspur",37,17,8,12,"64:43",21,59,37,"tottenham.png"
"728",727,8,NA,"Everton FC",37,17,8,12,"47:43",4,59,37,"everton.png"
"729",728,9,NA,"Arsenal FC",37,17,7,13,"53:39",14,58,37,"arsenal.png"
"730",729,10,NA,"Leeds United",37,17,5,15,"59:53",6,56,37,"leeds.png"
"731",730,11,NA,"Aston Villa",37,15,7,15,"53:45",8,52,37,"aston_villa.png"
"732",731,12,NA,"Wolverhampton Wanderers",37,12,9,16,"35:50",-15,45,37,"wolverhampton.png"
"733",732,13,NA,"Crystal Palace",37,12,8,17,"41:64",-23,44,37,"crystal_palace.png"
"734",733,14,NA,"Southampton FC",37,12,7,18,"47:65",-18,43,37,"southampton.png"
"735",734,15,NA,"Newcastle United",37,11,9,17,"44:62",-18,42,37,"newcastle.png"
"736",735,16,NA,"Brighton & Hove Albion",37,9,14,14,"40:44",-4,41,37,"brighton.png"
"737",736,17,NA,"Burnley FC",37,10,9,18,"33:54",-21,39,37,"burnley.png"
"738",737,18,NA,"Fulham FC",37,5,13,19,"27:51",-24,28,37,"fulham.png"
"739",738,19,NA,"West Bromwich Albion",37,5,11,21,"34:73",-39,26,37,"wolverhampton.png"
"740",739,20,NA,"Sheffield United",37,6,2,29,"19:63",-44,20,37,"sheffield.png"
"741",740,1,NA,"Manchester City",38,27,5,6,"83:32",51,86,38,"manchester_city.png"
"742",741,2,NA,"Manchester United",38,21,11,6,"73:44",29,74,38,"manchester_united.png"
"743",742,3,NA,"Liverpool FC",38,20,9,9,"68:42",26,69,38,"liverpool.png"
"744",743,4,NA,"Chelsea FC",38,19,10,9,"58:36",22,67,38,"chelsea.png"
"745",744,5,NA,"Leicester City",38,20,6,12,"68:50",18,66,38,"leicester.png"
"746",745,6,NA,"West Ham United",38,19,8,11,"62:47",15,65,38,"west_ham.png"
"747",746,7,NA,"Tottenham Hotspur",38,18,8,12,"68:45",23,62,38,"tottenham.png"
"748",747,8,NA,"Arsenal FC",38,18,7,13,"55:39",16,61,38,"arsenal.png"
"749",748,9,NA,"Leeds United",38,18,5,15,"62:54",8,59,38,"leeds.png"
"750",749,10,NA,"Everton FC",38,17,8,13,"47:48",-1,59,38,"everton.png"
"751",750,11,NA,"Aston Villa",38,16,7,15,"55:46",9,55,38,"aston_villa.png"
"752",751,12,NA,"Newcastle United",38,12,9,17,"46:62",-16,45,38,"newcastle.png"
"753",752,13,NA,"Wolverhampton Wanderers",38,12,9,17,"36:52",-16,45,38,"wolverhampton.png"
"754",753,14,NA,"Crystal Palace",38,12,8,18,"41:66",-25,44,38,"crystal_palace.png"
"755",754,15,NA,"Southampton FC",38,12,7,19,"47:68",-21,43,38,"southampton.png"
"756",755,16,NA,"Brighton & Hove Albion",38,9,14,15,"40:46",-6,41,38,"brighton.png"
"757",756,17,NA,"Burnley FC",38,10,9,19,"33:55",-22,39,38,"burnley.png"
"758",757,18,NA,"Fulham FC",38,5,13,20,"27:53",-26,28,38,"fulham.png"
"759",758,19,NA,"West Bromwich Albion",38,5,11,22,"35:76",-41,26,38,"wolverhampton.png"
"760",759,20,NA,"Sheffield United",38,7,2,29,"20:63",-43,23,38,"sheffield.png"
